Date,Motor_vehicles_and_parts,Furnishings_and_durable_household_equipment,Recreational_goods_and_vehicles,Other_durable_goods,Food_and_beverages_purchased_for_off-premises_consumption,Clothing_and_footwear,Gasoline_and_other_energy_goods,Other_nondurable_goods,Housing_and_utilities,Health_care,Transportation_services,Recreation_services,Food_services_and_accommodations,Financial_services_and_insurance,Other_services,GDP,Disposable_personal_income,Population,CO2
1997-01-01,97005.0,52618.0,56857.33,28716.33,157835.0,81229.33,50720.67,137220.67,329376.33,258781.67,68669.33,68052.33,112988.33,130790.67,145345.0,2800700.0,6006000.0,271472000.0,363.24
1997-02-01,97005.0,52618.0,56857.33,28716.33,157835.0,81229.33,50720.67,137220.67,329376.33,258781.67,68669.33,68052.33,112988.33,130790.67,145345.0,2800700.0,6035300.0,271703000.0,364.21
1997-03-01,97005.0,52618.0,56857.33,28716.33,157835.0,81229.33,50720.67,137220.67,329376.33,258781.67,68669.33,68052.33,112988.33,130790.67,145345.0,2800700.0,6070400.0,271952000.0,364.65
1997-04-01,93160.33,52964.33,57472.0,28599.0,157263.33,81468.0,48108.67,139067.0,333715.0,261794.33,70051.33,69109.0,113652.33,134108.33,148717.0,2850633.33,6081000.0,272213000.0,366.49
1997-05-01,93160.33,52964.33,57472.0,28599.0,157263.33,81468.0,48108.67,139067.0,333715.0,261794.33,70051.33,69109.0,113652.33,134108.33,148717.0,2850633.33,6104800.0,272482000.0,366.77
1997-06-01,93160.33,52964.33,57472.0,28599.0,157263.33,81468.0,48108.67,139067.0,333715.0,261794.33,70051.33,69109.0,113652.33,134108.33,148717.0,2850633.33,6132300.0,272767000.0,365.73
1997-07-01,98960.67,53904.67,58766.0,29295.0,158797.33,83294.33,48826.33,141530.0,338139.0,265496.67,71338.0,69835.0,115527.67,138779.67,152180.0,2897266.67,6159100.0,273074000.0,364.46
1997-08-01,98960.67,53904.67,58766.0,29295.0,158797.33,83294.33,48826.33,141530.0,338139.0,265496.67,71338.0,69835.0,115527.67,138779.67,152180.0,2897266.67,6196100.0,273395000.0,362.4
1997-09-01,98960.67,53904.67,58766.0,29295.0,158797.33,83294.33,48826.33,141530.0,338139.0,265496.67,71338.0,69835.0,115527.67,138779.67,152180.0,2897266.67,6227300.0,273703000.0,360.44
1997-10-01,101650.67,54500.0,59747.33,29822.67,159140.67,84003.0,49226.0,143571.0,345199.33,268524.33,72345.67,70759.67,115735.0,141500.33,155751.0,2929433.33,6266300.0,273989000.0,360.98
1997-11-01,101650.67,54500.0,59747.33,29822.67,159140.67,84003.0,49226.0,143571.0,345199.33,268524.33,72345.67,70759.67,115735.0,141500.33,155751.0,2929433.33,6307100.0,274249000.0,362.65
1997-12-01,101650.67,54500.0,59747.33,29822.67,159140.67,84003.0,49226.0,143571.0,345199.33,268524.33,72345.67,70759.67,115735.0,141500.33,155751.0,2929433.33,6342100.0,274499000.0,364.51
1998-01-01,98074.67,56045.67,61295.0,30485.67,159641.0,84873.67,45387.33,145657.67,347115.33,273388.33,73379.33,72109.67,117669.0,144024.67,159635.33,2963233.33,6401000.0,274732000.0,365.39
1998-02-01,98074.67,56045.67,61295.0,30485.67,159641.0,84873.67,45387.33,145657.67,347115.33,273388.33,73379.33,72109.67,117669.0,144024.67,159635.33,2963233.33,6438100.0,274943000.0,366.1
1998-03-01,98074.67,56045.67,61295.0,30485.67,159641.0,84873.67,45387.33,145657.67,347115.33,273388.33,73379.33,72109.67,117669.0,144024.67,159635.33,2963233.33,6476100.0,275175000.0,367.36
1998-04-01,105012.67,57203.0,62887.33,31309.67,161482.33,85889.33,43921.0,148682.0,353925.0,276437.33,74323.67,72567.33,119887.67,147423.0,162832.33,2998233.33,6504500.0,275434000.0,368.79
1998-05-01,105012.67,57203.0,62887.33,31309.67,161482.33,85889.33,43921.0,148682.0,353925.0,276437.33,74323.67,72567.33,119887.67,147423.0,162832.33,2998233.33,6540000.0,275700000.0,369.56
1998-06-01,105012.67,57203.0,62887.33,31309.67,161482.33,85889.33,43921.0,148682.0,353925.0,276437.33,74323.67,72567.33,119887.67,147423.0,162832.33,2998233.33,6571500.0,275976000.0,369.13
1998-07-01,106892.0,58309.67,64884.33,31595.33,163311.67,85816.0,44018.67,151793.67,358872.33,278915.33,75759.0,73860.67,121039.0,150755.67,167417.0,3048833.33,6599400.0,276266000.0,367.98
1998-08-01,106892.0,58309.67,64884.33,31595.33,163311.67,85816.0,44018.67,151793.67,358872.33,278915.33,75759.0,73860.67,121039.0,150755.67,167417.0,3048833.33,6629900.0,276566000.0,366.1
1998-09-01,106892.0,58309.67,64884.33,31595.33,163311.67,85816.0,44018.67,151793.67,358872.33,278915.33,75759.0,73860.67,121039.0,150755.67,167417.0,3048833.33,6645600.0,276859000.0,364.16
1998-10-01,116960.33,59880.33,66079.67,32142.33,165481.0,87161.33,43146.0,155932.0,360716.67,280652.33,76777.33,75068.0,123852.67,152542.33,169055.67,3108566.67,6669700.0,277140000.0,364.54
1998-11-01,116960.33,59880.33,66079.67,32142.33,165481.0,87161.33,43146.0,155932.0,360716.67,280652.33,76777.33,75068.0,123852.67,152542.33,169055.67,3108566.67,6697600.0,277402000.0,365.67
1998-12-01,116960.33,59880.33,66079.67,32142.33,165481.0,87161.33,43146.0,155932.0,360716.67,280652.33,76777.33,75068.0,123852.67,152542.33,169055.67,3108566.67,6717300.0,277658000.0,367.3
1999-01-01,111211.67,61529.0,67562.33,33013.33,168177.0,89168.67,42106.67,162196.0,366514.67,282959.33,77987.67,76331.33,123971.0,154935.33,171941.33,3149033.33,6764000.0,277891000.0,368.35
1999-02-01,111211.67,61529.0,67562.33,33013.33,168177.0,89168.67,42106.67,162196.0,366514.67,282959.33,77987.67,76331.33,123971.0,154935.33,171941.33,3149033.33,6783900.0,278095000.0,369.28
1999-03-01,111211.67,61529.0,67562.33,33013.33,168177.0,89168.67,42106.67,162196.0,366514.67,282959.33,77987.67,76331.33,123971.0,154935.33,171941.33,3149033.33,6795700.0,278324000.0,369.84
1999-04-01,119114.0,62710.0,69517.33,33593.67,170371.67,90485.0,48051.67,163847.33,371992.0,285377.33,79491.0,78256.0,125541.67,158516.33,174620.0,3185666.67,6807400.0,278584000.0,371.15
1999-05-01,119114.0,62710.0,69517.33,33593.67,170371.67,90485.0,48051.67,163847.33,371992.0,285377.33,79491.0,78256.0,125541.67,158516.33,174620.0,3185666.67,6824800.0,278859000.0,371.12
1999-06-01,119114.0,62710.0,69517.33,33593.67,170371.67,90485.0,48051.67,163847.33,371992.0,285377.33,79491.0,78256.0,125541.67,158516.33,174620.0,3185666.67,6851100.0,279148000.0,370.46
1999-07-01,120343.33,64526.33,71180.33,34347.33,172550.0,90722.0,51134.0,165617.33,378224.0,289268.67,81426.0,80563.0,126912.67,162673.67,175759.33,3237433.33,6883500.0,279448000.0,369.61
1999-08-01,120343.33,64526.33,71180.33,34347.33,172550.0,90722.0,51134.0,165617.33,378224.0,289268.67,81426.0,80563.0,126912.67,162673.67,175759.33,3237433.33,6926300.0,279752000.0,367.06
1999-09-01,120343.33,64526.33,71180.33,34347.33,172550.0,90722.0,51134.0,165617.33,378224.0,289268.67,81426.0,80563.0,126912.67,162673.67,175759.33,3237433.33,6943300.0,280053000.0,364.95
1999-10-01,116971.67,66148.0,72968.67,36021.33,176275.0,91087.0,54100.67,172767.33,380780.0,293847.33,82887.0,82256.67,130682.33,169992.0,180914.67,3308700.0,6994200.0,280337000.0,365.52
1999-11-01,116971.67,66148.0,72968.67,36021.33,176275.0,91087.0,54100.67,172767.33,380780.0,293847.33,82887.0,82256.67,130682.33,169992.0,180914.67,3308700.0,7046500.0,280594000.0,366.88
1999-12-01,116971.67,66148.0,72968.67,36021.33,176275.0,91087.0,54100.67,172767.33,380780.0,293847.33,82887.0,82256.67,130682.33,169992.0,180914.67,3308700.0,7117900.0,280846000.0,368.26
2000-01-01,126416.67,68056.33,76248.33,36237.0,175594.33,91979.67,58296.67,171532.67,386261.0,297945.0,84707.0,83080.0,133870.67,180743.67,185310.33,3343666.67,7184000.0,281083000.0,369.45
2000-02-01,126416.67,68056.33,76248.33,36237.0,175594.33,91979.67,58296.67,171532.67,386261.0,297945.0,84707.0,83080.0,133870.67,180743.67,185310.33,3343666.67,7234500.0,281299000.0,369.71
2000-03-01,126416.67,68056.33,76248.33,36237.0,175594.33,91979.67,58296.67,171532.67,386261.0,297945.0,84707.0,83080.0,133870.67,180743.67,185310.33,3343666.67,7285200.0,281531000.0,370.75
2000-04-01,117851.67,69236.0,76577.33,36979.0,179508.67,93361.0,61195.67,177641.0,394776.67,303340.67,86593.67,84384.0,135886.0,179145.67,189410.33,3426100.0,7316400.0,281763000.0,371.98
2000-05-01,117851.67,69236.0,76577.33,36979.0,179508.67,93361.0,61195.67,177641.0,394776.67,303340.67,86593.67,84384.0,135886.0,179145.67,189410.33,3426100.0,7352900.0,281996000.0,371.75
2000-06-01,117851.67,69236.0,76577.33,36979.0,179508.67,93361.0,61195.67,177641.0,394776.67,303340.67,86593.67,84384.0,135886.0,179145.67,189410.33,3426100.0,7398200.0,282247000.0,371.87
2000-07-01,119602.67,70040.67,77301.67,36941.0,181542.33,94174.0,63118.0,180329.33,402832.33,308896.67,87951.0,85672.0,137460.67,180716.33,193254.0,3452466.67,7455800.0,282504000.0,370.02
2000-08-01,119602.67,70040.67,77301.67,36941.0,181542.33,94174.0,63118.0,180329.33,402832.33,308896.67,87951.0,85672.0,137460.67,180716.33,193254.0,3452466.67,7500800.0,282769000.0,368.27
2000-09-01,119602.67,70040.67,77301.67,36941.0,181542.33,94174.0,63118.0,180329.33,402832.33,308896.67,87951.0,85672.0,137460.67,180716.33,193254.0,3452466.67,7541100.0,283033000.0,367.15
2000-10-01,120432.67,70141.0,77684.33,37016.33,184125.67,94927.0,63410.67,183396.33,414204.33,314383.67,89120.67,86050.67,137824.33,181961.0,195506.67,3490766.67,7571700.0,283285000.0,367.18
2000-11-01,120432.67,70141.0,77684.33,37016.33,184125.67,94927.0,63410.67,183396.33,414204.33,314383.67,89120.67,86050.67,137824.33,181961.0,195506.67,3490766.67,7584300.0,283523000.0,368.53
2000-12-01,120432.67,70141.0,77684.33,37016.33,184125.67,94927.0,63410.67,183396.33,414204.33,314383.67,89120.67,86050.67,137824.33,181961.0,195506.67,3490766.67,7610000.0,283748000.0,369.83
2001-01-01,124159.0,70886.0,77143.67,36748.33,185286.0,93547.0,61952.0,183360.0,423814.0,322066.33,88951.67,87405.33,139901.0,180388.0,198649.33,3502700.0,7686400.0,283960000.0,370.76
2001-02-01,124159.0,70886.0,77143.67,36748.33,185286.0,93547.0,61952.0,183360.0,423814.0,322066.33,88951.67,87405.33,139901.0,180388.0,198649.33,3502700.0,7707400.0,284166000.0,371.69
2001-03-01,124159.0,70886.0,77143.67,36748.33,185286.0,93547.0,61952.0,183360.0,423814.0,322066.33,88951.67,87405.33,139901.0,180388.0,198649.33,3502700.0,7728100.0,284380000.0,372.63
2001-04-01,121897.33,71067.67,77741.33,35786.67,187818.33,92799.33,63443.33,186148.0,427099.0,328343.33,88102.67,87318.67,139586.67,177915.67,203106.33,3546133.33,7718700.0,284602000.0,373.55
2001-05-01,121897.33,71067.67,77741.33,35786.67,187818.33,92799.33,63443.33,186148.0,427099.0,328343.33,88102.67,87318.67,139586.67,177915.67,203106.33,3546133.33,7719800.0,284834000.0,374.03
2001-06-01,121897.33,71067.67,77741.33,35786.67,187818.33,92799.33,63443.33,186148.0,427099.0,328343.33,88102.67,87318.67,139586.67,177915.67,203106.33,3546133.33,7732300.0,285076000.0,373.4
2001-07-01,122988.0,71478.0,77994.33,35502.33,188827.0,91763.33,59939.0,189923.67,431776.67,335373.0,85640.0,87234.0,139830.0,171658.33,206240.0,3546500.0,7842500.0,285324000.0,371.68
2001-08-01,122988.0,71478.0,77994.33,35502.33,188827.0,91763.33,59939.0,189923.67,431776.67,335373.0,85640.0,87234.0,139830.0,171658.33,206240.0,3546500.0,7970400.0,285584000.0,369.78
2001-09-01,122988.0,71478.0,77994.33,35502.33,188827.0,91763.33,59939.0,189923.67,431776.67,335373.0,85640.0,87234.0,139830.0,171658.33,206240.0,3546500.0,7875300.0,285842000.0,368.34
2001-10-01,142008.33,73155.0,80364.67,36432.67,190072.67,92381.67,51980.0,192863.0,433968.0,342969.33,83706.33,87762.33,140234.0,175773.67,210686.67,3567100.0,7763900.0,286086000.0,368.61
2001-11-01,142008.33,73155.0,80364.67,36432.67,190072.67,92381.67,51980.0,192863.0,433968.0,342969.33,83706.33,87762.33,140234.0,175773.67,210686.67,3567100.0,7767500.0,286315000.0,369.94
2001-12-01,142008.33,73155.0,80364.67,36432.67,190072.67,92381.67,51980.0,192863.0,433968.0,342969.33,83706.33,87762.33,140234.0,175773.67,210686.67,3567100.0,7772800.0,286533000.0,371.42
2002-01-01,131682.33,74926.33,81556.67,37250.67,190449.0,93061.67,49644.67,195389.67,435192.0,350714.33,83958.67,88857.0,143471.33,175776.0,210833.67,3611466.67,7940700.0,286739000.0,372.7
2002-02-01,131682.33,74926.33,81556.67,37250.67,190449.0,93061.67,49644.67,195389.67,435192.0,350714.33,83958.67,88857.0,143471.33,175776.0,210833.67,3611466.67,7965700.0,286935000.0,373.37
2002-03-01,131682.33,74926.33,81556.67,37250.67,190449.0,93061.67,49644.67,195389.67,435192.0,350714.33,83958.67,88857.0,143471.33,175776.0,210833.67,3611466.67,7992700.0,287131000.0,374.3
2002-04-01,130988.0,75502.0,81532.33,37777.0,190970.0,92889.67,56251.67,196400.67,441037.67,358213.33,84038.0,89891.33,145127.67,177776.33,212241.67,3644933.33,8053400.0,287343000.0,375.19
2002-05-01,130988.0,75502.0,81532.33,37777.0,190970.0,92889.67,56251.67,196400.67,441037.67,358213.33,84038.0,89891.33,145127.67,177776.33,212241.67,3644933.33,8091400.0,287571000.0,375.93
2002-06-01,130988.0,75502.0,81532.33,37777.0,190970.0,92889.67,56251.67,196400.67,441037.67,358213.33,84038.0,89891.33,145127.67,177776.33,212241.67,3644933.33,8126200.0,287808000.0,375.69
2002-07-01,139859.0,74947.0,81338.33,37762.67,191598.0,91835.33,57794.0,197680.0,445225.0,364764.33,83683.33,90708.67,146198.33,181110.33,213777.0,3679033.33,8123900.0,288051000.0,374.16
2002-08-01,139859.0,74947.0,81338.33,37762.67,191598.0,91835.33,57794.0,197680.0,445225.0,364764.33,83683.33,90708.67,146198.33,181110.33,213777.0,3679033.33,8142300.0,288303000.0,372.03
2002-09-01,139859.0,74947.0,81338.33,37762.67,191598.0,91835.33,57794.0,197680.0,445225.0,364764.33,83683.33,90708.67,146198.33,181110.33,213777.0,3679033.33,8166500.0,288554000.0,370.92
2002-10-01,132599.33,75782.33,81937.0,38383.0,193719.67,93993.0,60176.0,199396.33,451257.33,370137.33,84151.33,92413.67,146949.67,184065.67,217486.33,3701266.67,8204800.0,288794000.0,370.73
2002-11-01,132599.33,75782.33,81937.0,38383.0,193719.67,93993.0,60176.0,199396.33,451257.33,370137.33,84151.33,92413.67,146949.67,184065.67,217486.33,3701266.67,8235000.0,289012000.0,372.43
2002-12-01,132599.33,75782.33,81937.0,38383.0,193719.67,93993.0,60176.0,199396.33,451257.33,370137.33,84151.33,92413.67,146949.67,184065.67,217486.33,3701266.67,8262600.0,289214000.0,373.98
2003-01-01,129649.0,75053.0,81984.33,38158.33,196300.33,92666.0,68901.67,203065.67,456682.33,375465.0,85112.67,93116.0,148790.0,185597.67,223529.33,3743366.67,8275100.0,289412000.0,375.07
2003-02-01,129649.0,75053.0,81984.33,38158.33,196300.33,92666.0,68901.67,203065.67,456682.33,375465.0,85112.67,93116.0,148790.0,185597.67,223529.33,3743366.67,8280400.0,289606000.0,375.82
2003-03-01,129649.0,75053.0,81984.33,38158.33,196300.33,92666.0,68901.67,203065.67,456682.33,375465.0,85112.67,93116.0,148790.0,185597.67,223529.33,3743366.67,8321400.0,289809000.0,376.64
2003-04-01,134182.67,77520.33,84413.33,39823.0,197293.67,94150.0,60001.33,205248.0,461682.67,381563.0,85064.67,94942.0,152546.67,190539.0,226512.67,3790233.33,8356400.0,290024000.0,377.92
2003-05-01,134182.67,77520.33,84413.33,39823.0,197293.67,94150.0,60001.33,205248.0,461682.67,381563.0,85064.67,94942.0,152546.67,190539.0,226512.67,3790233.33,8412300.0,290250000.0,378.78
2003-06-01,134182.67,77520.33,84413.33,39823.0,197293.67,94150.0,60001.33,205248.0,461682.67,381563.0,85064.67,94942.0,152546.67,190539.0,226512.67,3790233.33,8445900.0,290484000.0,378.46
2003-07-01,137335.33,79843.67,88406.67,41673.0,201932.33,96709.0,65784.67,210397.33,465023.67,387721.0,87462.67,97400.33,156309.67,193547.67,228818.67,3875033.33,8573000.0,290726000.0,376.88
2003-08-01,137335.33,79843.67,88406.67,41673.0,201932.33,96709.0,65784.67,210397.33,465023.67,387721.0,87462.67,97400.33,156309.67,193547.67,228818.67,3875033.33,8661500.0,290974000.0,374.57
2003-09-01,137335.33,79843.67,88406.67,41673.0,201932.33,96709.0,65784.67,210397.33,465023.67,387721.0,87462.67,97400.33,156309.67,193547.67,228818.67,3875033.33,8590400.0,291222000.0,373.34
2003-10-01,134191.0,81131.0,91150.33,42552.67,203914.0,96869.0,67194.67,212634.67,471390.67,393983.33,88518.0,99694.67,159308.33,195915.0,230617.67,3938933.33,8624000.0,291463000.0,373.31
2003-11-01,134191.0,81131.0,91150.33,42552.67,203914.0,96869.0,67194.67,212634.67,471390.67,393983.33,88518.0,99694.67,159308.33,195915.0,230617.67,3938933.33,8686800.0,291677000.0,374.84
2003-12-01,134191.0,81131.0,91150.33,42552.67,203914.0,96869.0,67194.67,212634.67,471390.67,393983.33,88518.0,99694.67,159308.33,195915.0,230617.67,3938933.33,8712600.0,291868000.0,376.17
2004-01-01,135262.33,82864.0,92825.67,43791.33,206824.67,98855.67,72968.0,214353.33,477631.67,400662.67,89405.0,102359.33,161948.67,200208.33,233970.0,3996133.33,8741100.0,292046000.0,377.17
2004-02-01,135262.33,82864.0,92825.67,43791.33,206824.67,98855.67,72968.0,214353.33,477631.67,400662.67,89405.0,102359.33,161948.67,200208.33,233970.0,3996133.33,8775100.0,292230000.0,378.05
2004-03-01,135262.33,82864.0,92825.67,43791.33,206824.67,98855.67,72968.0,214353.33,477631.67,400662.67,89405.0,102359.33,161948.67,200208.33,233970.0,3996133.33,8824200.0,292434000.0,379.06
2004-04-01,133034.0,84010.67,94494.0,43785.67,209254.0,98171.67,74879.0,218697.33,483452.0,408661.33,89632.33,103110.67,164367.67,203350.0,237565.33,4060466.67,8870800.0,292651000.0,380.54
2004-05-01,133034.0,84010.67,94494.0,43785.67,209254.0,98171.67,74879.0,218697.33,483452.0,408661.33,89632.33,103110.67,164367.67,203350.0,237565.33,4060466.67,8944800.0,292872000.0,380.8
2004-06-01,133034.0,84010.67,94494.0,43785.67,209254.0,98171.67,74879.0,218697.33,483452.0,408661.33,89632.33,103110.67,164367.67,203350.0,237565.33,4060466.67,8977500.0,293103000.0,379.87
2004-07-01,136528.33,85406.67,95821.33,43925.33,211846.0,98833.67,76940.67,221144.33,491969.0,417495.33,90673.0,104396.67,167531.33,207902.33,241885.33,4122566.67,9008100.0,293350000.0,377.65
2004-08-01,136528.33,85406.67,95821.33,43925.33,211846.0,98833.67,76940.67,221144.33,491969.0,417495.33,90673.0,104396.67,167531.33,207902.33,241885.33,4122566.67,9042500.0,293603000.0,376.17
2004-09-01,136528.33,85406.67,95821.33,43925.33,211846.0,98833.67,76940.67,221144.33,491969.0,417495.33,90673.0,104396.67,167531.33,207902.33,241885.33,4122566.67,9067100.0,293857000.0,374.43
2004-10-01,140923.33,86799.0,96648.67,44645.67,215548.0,100645.0,85522.33,224112.33,502457.67,425012.0,91822.67,105438.67,170458.0,214294.67,243763.0,4187400.0,9111100.0,294104000.0,374.63
2004-11-01,140923.33,86799.0,96648.67,44645.67,215548.0,100645.0,85522.33,224112.33,502457.67,425012.0,91822.67,105438.67,170458.0,214294.67,243763.0,4187400.0,9120400.0,294337000.0,376.33
2004-12-01,140923.33,86799.0,96648.67,44645.67,215548.0,100645.0,85522.33,224112.33,502457.67,425012.0,91822.67,105438.67,170458.0,214294.67,243763.0,4187400.0,9463500.0,294561000.0,377.68
2005-01-01,136399.67,88159.0,99588.67,45840.67,218390.0,102017.0,85018.0,225236.0,511351.0,430630.33,92569.67,107219.33,173430.0,218662.67,248740.0,4255762.0,9131300.0,294768000.0,378.63
2005-02-01,136399.67,88159.0,99588.67,45840.67,218390.0,102017.0,85018.0,225236.0,511351.0,430630.33,92569.67,107219.33,173430.0,218662.67,248740.0,4255762.0,9162500.0,294955000.0,379.91
2005-03-01,136399.67,88159.0,99588.67,45840.67,218390.0,102017.0,85018.0,225236.0,511351.0,430630.33,92569.67,107219.33,173430.0,218662.67,248740.0,4255762.0,9224800.0,295149000.0,380.95
2005-04-01,140694.67,89906.33,102244.33,46460.67,221422.33,103696.0,86146.33,228567.33,522990.0,436487.0,93987.33,108558.0,176730.33,223352.0,250094.67,4307552.0,9280300.0,295359000.0,382.48
2005-05-01,140694.67,89906.33,102244.33,46460.67,221422.33,103696.0,86146.33,228567.33,522990.0,436487.0,93987.33,108558.0,176730.33,223352.0,250094.67,4307552.0,9327000.0,295582000.0,382.64
2005-06-01,140694.67,89906.33,102244.33,46460.67,221422.33,103696.0,86146.33,228567.33,522990.0,436487.0,93987.33,108558.0,176730.33,223352.0,250094.67,4307552.0,9354100.0,295824000.0,382.4
2005-07-01,143374.33,90850.0,102828.33,46885.0,223617.67,102743.67,103975.0,231673.67,532375.67,444390.67,95388.33,109686.67,178814.0,228783.0,250755.0,4380880.67,9406600.0,296077000.0,380.93
2005-08-01,143374.33,90850.0,102828.33,46885.0,223617.67,102743.67,103975.0,231673.67,532375.67,444390.67,95388.33,109686.67,178814.0,228783.0,250755.0,4380880.67,9460000.0,296338000.0,378.93
2005-09-01,143374.33,90850.0,102828.33,46885.0,223617.67,102743.67,103975.0,231673.67,532375.67,444390.67,95388.33,109686.67,178814.0,228783.0,250755.0,4380880.67,9515200.0,296606000.0,376.89
2005-10-01,126137.0,92782.33,103873.0,48789.0,227525.0,105555.67,103220.67,236945.67,540089.67,449203.0,96567.0,112034.67,182535.67,231662.33,254080.0,4441401.33,9578300.0,296857000.0,377.18
2005-11-01,126137.0,92782.33,103873.0,48789.0,227525.0,105555.67,103220.67,236945.67,540089.67,449203.0,96567.0,112034.67,182535.67,231662.33,254080.0,4441401.33,9617800.0,297089000.0,378.54
2005-12-01,126137.0,92782.33,103873.0,48789.0,227525.0,105555.67,103220.67,236945.67,540089.67,449203.0,96567.0,112034.67,182535.67,231662.33,254080.0,4441401.33,9651600.0,297311000.0,380.31
2006-01-01,130750.67,95291.0,108280.67,50387.33,229614.0,105802.33,101451.67,244037.0,542708.0,454073.67,97525.67,114180.0,187259.33,235541.33,259187.0,4533053.33,9805000.0,297526000.0,381.58
2006-02-01,130750.67,95291.0,108280.67,50387.33,229614.0,105802.33,101451.67,244037.0,542708.0,454073.67,97525.67,114180.0,187259.33,235541.33,259187.0,4533053.33,9859200.0,297734000.0,382.4
2006-03-01,130750.67,95291.0,108280.67,50387.33,229614.0,105802.33,101451.67,244037.0,542708.0,454073.67,97525.67,114180.0,187259.33,235541.33,259187.0,4533053.33,9917600.0,297950000.0,382.86
2006-04-01,130785.33,94054.33,107629.33,50614.0,231869.33,106120.33,109186.67,245105.0,552034.0,460790.67,98719.33,115770.67,188051.33,239351.67,265937.0,4584474.67,9958900.0,298170000.0,384.8
2006-05-01,130785.33,94054.33,107629.33,50614.0,231869.33,106120.33,109186.67,245105.0,552034.0,460790.67,98719.33,115770.67,188051.33,239351.67,265937.0,4584474.67,9978900.0,298401000.0,385.22
2006-06-01,130785.33,94054.33,107629.33,50614.0,231869.33,106120.33,109186.67,245105.0,552034.0,460790.67,98719.33,115770.67,188051.33,239351.67,265937.0,4584474.67,10017300.0,298653000.0,384.24
2006-07-01,132862.0,94483.67,108298.67,51200.0,233914.0,106875.0,116400.0,247112.67,561814.33,467160.0,99382.0,117454.67,190467.67,239560.33,269753.0,4623396.0,10050000.0,298910000.0,382.65
2006-08-01,132862.0,94483.67,108298.67,51200.0,233914.0,106875.0,116400.0,247112.67,561814.33,467160.0,99382.0,117454.67,190467.67,239560.33,269753.0,4623396.0,10075600.0,299178000.0,380.6
2006-09-01,132862.0,94483.67,108298.67,51200.0,233914.0,106875.0,116400.0,247112.67,561814.33,467160.0,99382.0,117454.67,190467.67,239560.33,269753.0,4623396.0,10105500.0,299452000.0,379.04
2006-10-01,132201.33,94301.33,110884.33,52420.67,238283.33,107899.67,99161.33,252264.67,564397.33,473831.33,100448.33,120965.67,195021.67,244920.33,274888.67,4679853.33,10129600.0,299710000.0,379.33
2006-11-01,132201.33,94301.33,110884.33,52420.67,238283.33,107899.67,99161.33,252264.67,564397.33,473831.33,100448.33,120965.67,195021.67,244920.33,274888.67,4679853.33,10175400.0,299950000.0,380.35
2006-12-01,132201.33,94301.33,110884.33,52420.67,238283.33,107899.67,99161.33,252264.67,564397.33,473831.33,100448.33,120965.67,195021.67,244920.33,274888.67,4679853.33,10259700.0,300178000.0,382.02
2007-01-01,133372.33,95298.0,111021.67,53315.67,241853.0,108630.0,103979.33,255238.33,575562.33,483104.0,101610.67,122633.0,196201.33,247975.33,278993.67,4738550.33,10291200.0,300398000.0,383.1
2007-02-01,133372.33,95298.0,111021.67,53315.67,241853.0,108630.0,103979.33,255238.33,575562.33,483104.0,101610.67,122633.0,196201.33,247975.33,278993.67,4738550.33,10355700.0,300608000.0,384.12
2007-03-01,133372.33,95298.0,111021.67,53315.67,241853.0,108630.0,103979.33,255238.33,575562.33,483104.0,101610.67,122633.0,196201.33,247975.33,278993.67,4738550.33,10425700.0,300823000.0,384.81
2007-04-01,133607.67,94652.67,112280.0,54690.33,243926.67,107631.33,113868.67,256609.0,582483.67,488175.33,101812.67,124296.67,198968.0,251084.0,281294.0,4800694.0,10463900.0,301045000.0,386.73
2007-05-01,133607.67,94652.67,112280.0,54690.33,243926.67,107631.33,113868.67,256609.0,582483.67,488175.33,101812.67,124296.67,198968.0,251084.0,281294.0,4800694.0,10499300.0,301278000.0,386.78
2007-06-01,133607.67,94652.67,112280.0,54690.33,243926.67,107631.33,113868.67,256609.0,582483.67,488175.33,101812.67,124296.67,198968.0,251084.0,281294.0,4800694.0,10515100.0,301528000.0,386.33
2007-07-01,133083.67,94388.33,114080.0,55734.67,246845.0,107459.0,116391.67,258688.33,590143.0,495988.33,102785.67,126006.0,201568.67,257403.0,282636.33,4854705.67,10542100.0,301790000.0,384.73
2007-08-01,133083.67,94388.33,114080.0,55734.67,246845.0,107459.0,116391.67,258688.33,590143.0,495988.33,102785.67,126006.0,201568.67,257403.0,282636.33,4854705.67,10554600.0,302064000.0,382.24
2007-09-01,133083.67,94388.33,114080.0,55734.67,246845.0,107459.0,116391.67,258688.33,590143.0,495988.33,102785.67,126006.0,201568.67,257403.0,282636.33,4854705.67,10614500.0,302334000.0,381.2
2007-10-01,134033.67,93604.67,114871.67,56023.0,250484.67,107578.33,126489.33,259644.0,597886.33,503677.67,103862.0,127856.33,205259.33,260464.67,284645.0,4905019.33,10643500.0,302590000.0,381.37
2007-11-01,134033.67,93604.67,114871.67,56023.0,250484.67,107578.33,126489.33,259644.0,597886.33,503677.67,103862.0,127856.33,205259.33,260464.67,284645.0,4905019.33,10689500.0,302834000.0,382.7
2007-12-01,134033.67,93604.67,114871.67,56023.0,250484.67,107578.33,126489.33,259644.0,597886.33,503677.67,103862.0,127856.33,205259.33,260464.67,284645.0,4905019.33,10751400.0,303062000.0,384.19
2008-01-01,126014.67,91443.67,111782.0,55262.33,252442.67,106543.67,131878.67,260088.0,611694.0,511781.33,104344.33,128656.67,204450.0,261692.0,287098.33,4902179.33,10779800.0,303280000.0,385.78
2008-02-01,126014.67,91443.67,111782.0,55262.33,252442.67,106543.67,131878.67,260088.0,611694.0,511781.33,104344.33,128656.67,204450.0,261692.0,287098.33,4902179.33,10796000.0,303494000.0,386.06
2008-03-01,126014.67,91443.67,111782.0,55262.33,252442.67,106543.67,131878.67,260088.0,611694.0,511781.33,104344.33,128656.67,204450.0,261692.0,287098.33,4902179.33,10824800.0,303707000.0,386.28
2008-04-01,120171.67,90637.33,113085.33,55348.67,256901.0,108300.0,140384.33,263015.67,622982.67,516027.0,105244.0,130487.33,207093.67,261818.0,290814.0,4955233.67,10803000.0,303926000.0,387.33
2008-05-01,120171.67,90637.33,113085.33,55348.67,256901.0,108300.0,140384.33,263015.67,622982.67,516027.0,105244.0,130487.33,207093.67,261818.0,290814.0,4955233.67,11377800.0,304157000.0,388.78
2008-06-01,120171.67,90637.33,113085.33,55348.67,256901.0,108300.0,140384.33,263015.67,622982.67,516027.0,105244.0,130487.33,207093.67,261818.0,290814.0,4955233.67,11170100.0,304396000.0,387.99
2008-07-01,113047.33,87462.67,110032.33,54730.33,258424.0,106375.0,148507.67,264056.33,628382.0,520724.67,105022.67,130606.67,208068.0,261203.33,291743.0,4966333.0,11048900.0,304646000.0,386.61
2008-08-01,113047.33,87462.67,110032.33,54730.33,258424.0,106375.0,148507.67,264056.33,628382.0,520724.67,105022.67,130606.67,208068.0,261203.33,291743.0,4966333.0,10976000.0,304903000.0,384.32
2008-09-01,113047.33,87462.67,110032.33,54730.33,258424.0,106375.0,148507.67,264056.33,628382.0,520724.67,105022.67,130606.67,208068.0,261203.33,291743.0,4966333.0,11008500.0,305158000.0,383.41
2008-10-01,98549.33,82920.67,102515.0,52010.33,257679.33,101944.67,100681.0,262058.33,633893.33,525261.67,102308.0,129008.67,207257.67,251894.33,293202.33,4869402.67,11016600.0,305403000.0,383.21
2008-11-01,98549.33,82920.67,102515.0,52010.33,257679.33,101944.67,100681.0,262058.33,633893.33,525261.67,102308.0,129008.67,207257.67,251894.33,293202.33,4869402.67,10977500.0,305620000.0,384.41
2008-12-01,98549.33,82920.67,102515.0,52010.33,257679.33,101944.67,100681.0,262058.33,633893.33,525261.67,102308.0,129008.67,207257.67,251894.33,293202.33,4869402.67,10861800.0,305827000.0,385.79
2009-01-01,100692.0,80818.33,101442.0,51874.0,257760.67,101502.67,81540.67,264378.67,633061.33,533360.0,99898.0,129143.0,204938.0,241442.67,292326.67,4810300.33,10921500.0,306035000.0,387.17
2009-02-01,100692.0,80818.33,101442.0,51874.0,257760.67,101502.67,81540.67,264378.67,633061.33,533360.0,99898.0,129143.0,204938.0,241442.67,292326.67,4810300.33,10829700.0,306237000.0,387.7
2009-03-01,100692.0,80818.33,101442.0,51874.0,257760.67,101502.67,81540.67,264378.67,633061.33,533360.0,99898.0,129143.0,204938.0,241442.67,292326.67,4810300.33,10812800.0,306438000.0,389.04
2009-04-01,102029.67,79397.67,97858.0,52281.67,257031.33,100412.0,88375.0,267440.0,630698.0,542506.67,97634.33,127952.33,203746.33,238946.67,287621.67,4793745.33,10890700.0,306645000.0,389.76
2009-05-01,102029.67,79397.67,97858.0,52281.67,257031.33,100412.0,88375.0,267440.0,630698.0,542506.67,97634.33,127952.33,203746.33,238946.67,287621.67,4793745.33,11057700.0,306863000.0,390.36
2009-06-01,102029.67,79397.67,97858.0,52281.67,257031.33,100412.0,88375.0,267440.0,630698.0,542506.67,97634.33,127952.33,203746.33,238946.67,287621.67,4793745.33,10920300.0,307090000.0,389.7
2009-07-01,114813.33,78908.0,98524.33,52789.0,257104.67,101555.33,102959.67,269504.33,631649.33,549265.33,98697.33,130048.33,203595.67,238328.33,290063.0,4816294.0,10873900.0,307322000.0,388.24
2009-08-01,114813.33,78908.0,98524.33,52789.0,257104.67,101555.33,102959.67,269504.33,631649.33,549265.33,98697.33,130048.33,203595.67,238328.33,290063.0,4816294.0,10884900.0,307570000.0,386.29
2009-09-01,114813.33,78908.0,98524.33,52789.0,257104.67,101555.33,102959.67,269504.33,631649.33,549265.33,98697.33,130048.33,203595.67,238328.33,290063.0,4816294.0,10935100.0,307826000.0,384.95
2009-10-01,107242.67,78576.33,98864.33,53384.0,258676.67,101920.33,109827.67,270545.0,637937.33,551850.67,100252.67,130722.0,204637.67,241965.0,290399.0,4883749.33,10943400.0,308071000.0,384.64
2009-11-01,107242.67,78576.33,98864.33,53384.0,258676.67,101920.33,109827.67,270545.0,637937.33,551850.67,100252.67,130722.0,204637.67,241965.0,290399.0,4883749.33,11001900.0,308289000.0,386.23
2009-12-01,107242.67,78576.33,98864.33,53384.0,258676.67,101920.33,109827.67,270545.0,637937.33,551850.67,100252.67,130722.0,204637.67,241965.0,290399.0,4883749.33,11064500.0,308495000.0,387.63
2010-01-01,107260.67,79864.0,99094.0,54143.0,261494.0,104230.0,109922.0,272710.33,642724.67,554439.33,101045.0,131727.33,207639.33,249277.33,293051.0,4921537.0,11102500.0,308706000.0,388.91
2010-02-01,107260.67,79864.0,99094.0,54143.0,261494.0,104230.0,109922.0,272710.33,642724.67,554439.33,101045.0,131727.33,207639.33,249277.33,293051.0,4921537.0,11112800.0,308904000.0,390.41
2010-03-01,107260.67,79864.0,99094.0,54143.0,261494.0,104230.0,109922.0,272710.33,642724.67,554439.33,101045.0,131727.33,207639.33,249277.33,293051.0,4921537.0,11172900.0,309095000.0,391.37
2010-04-01,113362.0,80771.67,99550.67,54283.0,261118.33,105103.0,107586.0,275303.67,646631.0,562365.67,100734.0,134460.67,211159.33,255695.0,295460.67,4993397.67,11272200.0,309289000.0,392.67
2010-05-01,113362.0,80771.67,99550.67,54283.0,261118.33,105103.0,107586.0,275303.67,646631.0,562365.67,100734.0,134460.67,211159.33,255695.0,295460.67,4993397.67,11360000.0,309485000.0,393.21
2010-06-01,113362.0,80771.67,99550.67,54283.0,261118.33,105103.0,107586.0,275303.67,646631.0,562365.67,100734.0,134460.67,211159.33,255695.0,295460.67,4993397.67,11362000.0,309691000.0,392.38
2010-07-01,116283.0,80043.0,99420.67,55061.0,261780.67,105227.33,109962.67,277261.33,652133.0,572997.67,101472.67,136285.33,213481.67,256590.67,297640.33,5047201.67,11386800.0,309913000.0,390.41
2010-08-01,116283.0,80043.0,99420.67,55061.0,261780.67,105227.33,109962.67,277261.33,652133.0,572997.67,101472.67,136285.33,213481.67,256590.67,297640.33,5047201.67,11439600.0,310146000.0,388.54
2010-09-01,116283.0,80043.0,99420.67,55061.0,261780.67,105227.33,109962.67,277261.33,652133.0,572997.67,101472.67,136285.33,213481.67,256590.67,297640.33,5047201.67,11450700.0,310385000.0,387.03
2010-10-01,122382.67,80553.67,100084.33,56459.67,264761.67,107588.0,121486.33,279614.33,655774.33,576276.0,103619.33,135850.33,215280.33,262419.67,297758.33,5103157.0,11488100.0,310612000.0,387.43
2010-11-01,122382.67,80553.67,100084.33,56459.67,264761.67,107588.0,121486.33,279614.33,655774.33,576276.0,103619.33,135850.33,215280.33,262419.67,297758.33,5103157.0,11520900.0,310820000.0,388.87
2010-12-01,122382.67,80553.67,100084.33,56459.67,264761.67,107588.0,121486.33,279614.33,655774.33,576276.0,103619.33,135850.33,215280.33,262419.67,297758.33,5103157.0,11614100.0,311020000.0,389.99
2011-01-01,122679.0,81243.0,101127.67,57592.33,268934.0,109049.0,131679.33,284040.0,655550.33,580492.33,105518.0,134708.0,218209.33,266019.67,303001.0,5117148.0,11701600.0,311204000.0,391.5
2011-02-01,122679.0,81243.0,101127.67,57592.33,268934.0,109049.0,131679.33,284040.0,655550.33,580492.33,105518.0,134708.0,218209.33,266019.67,303001.0,5117148.0,11765900.0,311373000.0,392.05
2011-03-01,122679.0,81243.0,101127.67,57592.33,268934.0,109049.0,131679.33,284040.0,655550.33,580492.33,105518.0,134708.0,218209.33,266019.67,303001.0,5117148.0,11780400.0,311551000.0,392.8
2011-04-01,118488.33,82098.0,101629.67,58751.33,272511.33,110575.67,141159.0,286272.0,658518.33,584482.33,109148.67,136550.67,221735.0,269318.33,303468.0,5185845.0,11808800.0,311740000.0,393.44
2011-05-01,118488.33,82098.0,101629.67,58751.33,272511.33,110575.67,141159.0,286272.0,658518.33,584482.33,109148.67,136550.67,221735.0,269318.33,303468.0,5185845.0,11827000.0,311935000.0,394.41
2011-06-01,118488.33,82098.0,101629.67,58751.33,272511.33,110575.67,141159.0,286272.0,658518.33,584482.33,109148.67,136550.67,221735.0,269318.33,303468.0,5185845.0,11868400.0,312147000.0,393.95
2011-07-01,119765.33,82493.33,101902.0,59424.67,274878.0,111093.0,140079.33,286289.33,665058.33,585143.0,111097.33,137510.0,225425.33,273930.33,302705.0,5215893.67,11928800.0,312372000.0,392.72
2011-08-01,119765.33,82493.33,101902.0,59424.67,274878.0,111093.0,140079.33,286289.33,665058.33,585143.0,111097.33,137510.0,225425.33,273930.33,302705.0,5215893.67,11948900.0,312605000.0,390.33
2011-09-01,119765.33,82493.33,101902.0,59424.67,274878.0,111093.0,140079.33,286289.33,665058.33,585143.0,111097.33,137510.0,225425.33,273930.33,302705.0,5215893.67,11949400.0,312842000.0,389.28
2011-10-01,125971.67,83314.67,102477.67,59039.33,276399.67,112729.67,138816.67,288323.0,665242.67,592744.0,112052.33,136585.0,227249.67,272150.33,304894.0,5280755.67,11962400.0,313060000.0,389.19
2011-11-01,125971.67,83314.67,102477.67,59039.33,276399.67,112729.67,138816.67,288323.0,665242.67,592744.0,112052.33,136585.0,227249.67,272150.33,304894.0,5280755.67,11982600.0,313260000.0,390.48
2011-12-01,125971.67,83314.67,102477.67,59039.33,276399.67,112729.67,138816.67,288323.0,665242.67,592744.0,112052.33,136585.0,227249.67,272150.33,304894.0,5280755.67,12103000.0,313454000.0,392.06
2012-01-01,130282.0,85053.33,103680.0,60349.0,279710.67,115023.33,141925.67,293548.0,661426.0,603723.67,111462.0,140067.67,230666.0,278669.67,309081.0,5356274.67,12227600.0,313636000.0,393.31
2012-02-01,130282.0,85053.33,103680.0,60349.0,279710.67,115023.33,141925.67,293548.0,661426.0,603723.67,111462.0,140067.67,230666.0,278669.67,309081.0,5356274.67,12328200.0,313811000.0,394.04
2012-03-01,130282.0,85053.33,103680.0,60349.0,279710.67,115023.33,141925.67,293548.0,661426.0,603723.67,111462.0,140067.67,230666.0,278669.67,309081.0,5356274.67,12398100.0,313993000.0,394.59
2012-04-01,130343.67,84074.0,103310.33,60124.33,281799.67,114164.0,138989.0,292654.0,670249.33,604718.0,114559.67,142803.67,233903.67,275664.0,307451.0,5402376.67,12469600.0,314176000.0,396.38
2012-05-01,130343.67,84074.0,103310.33,60124.33,281799.67,114164.0,138989.0,292654.0,670249.33,604718.0,114559.67,142803.67,233903.67,275664.0,307451.0,5402376.67,12459400.0,314368000.0,396.93
2012-06-01,130343.67,84074.0,103310.33,60124.33,281799.67,114164.0,138989.0,292654.0,670249.33,604718.0,114559.67,142803.67,233903.67,275664.0,307451.0,5402376.67,12445500.0,314576000.0,395.91
2012-07-01,131569.67,84327.33,103915.33,60745.33,282455.67,115395.33,139357.67,292835.33,675971.67,607797.33,114014.0,144463.33,236219.0,275778.0,307528.33,5439846.67,12364100.0,314796000.0,394.56
2012-08-01,131569.67,84327.33,103915.33,60745.33,282455.67,115395.33,139357.67,292835.33,675971.67,607797.33,114014.0,144463.33,236219.0,275778.0,307528.33,5439846.67,12373500.0,315031000.0,392.59
2012-09-01,131569.67,84327.33,103915.33,60745.33,282455.67,115395.33,139357.67,292835.33,675971.67,607797.33,114014.0,144463.33,236219.0,275778.0,307528.33,5439846.67,12500400.0,315264000.0,391.32
2012-10-01,136615.33,85129.33,104856.0,61253.33,284297.67,115710.0,142307.0,294517.33,678672.0,612152.0,114698.33,147024.33,239115.33,277786.33,308438.0,5473462.0,12622900.0,315485000.0,391.27
2012-11-01,136615.33,85129.33,104856.0,61253.33,284297.67,115710.0,142307.0,294517.33,678672.0,612152.0,114698.33,147024.33,239115.33,277786.33,308438.0,5473462.0,12780100.0,315692000.0,393.2
2012-12-01,136615.33,85129.33,104856.0,61253.33,284297.67,115710.0,142307.0,294517.33,678672.0,612152.0,114698.33,147024.33,239115.33,277786.33,308438.0,5473462.0,13088600.0,315877000.0,394.57
2013-01-01,139538.0,86832.67,107705.67,62179.33,286425.0,117319.33,143936.0,299935.0,687668.33,612755.0,117233.33,147997.33,242472.67,283257.33,304589.67,5543016.67,12355200.0,316038000.0,395.78
2013-02-01,139538.0,86832.67,107705.67,62179.33,286425.0,117319.33,143936.0,299935.0,687668.33,612755.0,117233.33,147997.33,242472.67,283257.33,304589.67,5543016.67,12366000.0,316191000.0,397.03
2013-03-01,139538.0,86832.67,107705.67,62179.33,286425.0,117319.33,143936.0,299935.0,687668.33,612755.0,117233.33,147997.33,242472.67,283257.33,304589.67,5543016.67,12387300.0,316357000.0,397.66
2013-04-01,139387.67,87391.67,106548.0,61824.0,285964.33,116519.0,136279.33,299197.33,692142.67,616069.33,119197.67,146933.67,241723.33,288419.33,308395.0,5566517.0,12414900.0,316535000.0,398.64
2013-05-01,139387.67,87391.67,106548.0,61824.0,285964.33,116519.0,136279.33,299197.33,692142.67,616069.33,119197.67,146933.67,241723.33,288419.33,308395.0,5566517.0,12483200.0,316729000.0,400.02
2013-06-01,139387.67,87391.67,106548.0,61824.0,285964.33,116519.0,136279.33,299197.33,692142.67,616069.33,119197.67,146933.67,241723.33,288419.33,308395.0,5566517.0,12513200.0,316934000.0,398.81
2013-07-01,138746.33,88555.67,107203.67,61809.67,288725.33,116510.33,138408.33,303491.0,694550.67,619709.67,121477.0,149817.67,243798.0,289857.67,311841.67,5637022.67,12517600.0,317156000.0,397.51
2013-08-01,138746.33,88555.67,107203.67,61809.67,288725.33,116510.33,138408.33,303491.0,694550.67,619709.67,121477.0,149817.67,243798.0,289857.67,311841.67,5637022.67,12566200.0,317397000.0,395.39
2013-09-01,138746.33,88555.67,107203.67,61809.67,288725.33,116510.33,138408.33,303491.0,694550.67,619709.67,121477.0,149817.67,243798.0,289857.67,311841.67,5637022.67,12623900.0,317635000.0,393.72
2013-10-01,139039.0,88672.67,107290.33,63159.67,290877.33,117029.0,139040.67,307755.33,703597.0,629119.33,122008.0,151331.0,248340.33,297544.67,316106.0,5711038.0,12608200.0,317864000.0,393.9
2013-11-01,139039.0,88672.67,107290.33,63159.67,290877.33,117029.0,139040.67,307755.33,703597.0,629119.33,122008.0,151331.0,248340.33,297544.67,316106.0,5711038.0,12659600.0,318076000.0,395.36
2013-12-01,139039.0,88672.67,107290.33,63159.67,290877.33,117029.0,139040.67,307755.33,703597.0,629119.33,122008.0,151331.0,248340.33,297544.67,316106.0,5711038.0,12711900.0,318276000.0,397.03
2014-01-01,141319.33,88751.0,107896.67,63205.33,294126.0,117262.33,140447.33,310165.67,714311.67,626955.67,124801.33,153855.67,250645.67,299038.0,320114.33,5714760.33,12797900.0,318464000.0,398.04
2014-02-01,141319.33,88751.0,107896.67,63205.33,294126.0,117262.33,140447.33,310165.67,714311.67,626955.67,124801.33,153855.67,250645.67,299038.0,320114.33,5714760.33,12873200.0,318642000.0,398.27
2014-03-01,141319.33,88751.0,107896.67,63205.33,294126.0,117262.33,140447.33,310165.67,714311.67,626955.67,124801.33,153855.67,250645.67,299038.0,320114.33,5714760.33,12969800.0,318827000.0,399.91
2014-04-01,147306.33,91824.67,109666.33,64344.33,297437.67,120330.67,138801.33,317937.67,714739.0,640426.0,126975.0,153585.0,256417.0,304744.67,321961.67,5820901.0,13046800.0,319020000.0,401.51
2014-05-01,147306.33,91824.67,109666.33,64344.33,297437.67,120330.67,138801.33,317937.67,714739.0,640426.0,126975.0,153585.0,256417.0,304744.67,321961.67,5820901.0,13116700.0,319225000.0,401.96
2014-06-01,147306.33,91824.67,109666.33,64344.33,297437.67,120330.67,138801.33,317937.67,714739.0,640426.0,126975.0,153585.0,256417.0,304744.67,321961.67,5820901.0,13185200.0,319438000.0,401.43
2014-07-01,149254.33,93195.0,110940.0,65155.0,300715.33,120919.0,135709.67,323414.33,715696.33,653709.0,128999.67,156194.33,261366.67,311768.67,328223.0,5914409.0,13244100.0,319670000.0,399.27
2014-08-01,149254.33,93195.0,110940.0,65155.0,300715.33,120919.0,135709.67,323414.33,715696.33,653709.0,128999.67,156194.33,261366.67,311768.67,328223.0,5914409.0,13305600.0,319919000.0,397.18
2014-09-01,149254.33,93195.0,110940.0,65155.0,300715.33,120919.0,135709.67,323414.33,715696.33,653709.0,128999.67,156194.33,261366.67,311768.67,328223.0,5914409.0,13353000.0,320166000.0,395.54
2014-10-01,151442.67,94451.0,111401.0,65947.67,303528.33,122489.0,122833.33,328390.67,723776.33,666305.67,129946.33,158491.0,267482.67,315036.33,333330.0,5950846.67,13407700.0,320403000.0,396.16
2014-11-01,151442.67,94451.0,111401.0,65947.67,303528.33,122489.0,122833.33,328390.67,723776.33,666305.67,129946.33,158491.0,267482.67,315036.33,333330.0,5950846.67,13467100.0,320616000.0,397.4
2014-12-01,151442.67,94451.0,111401.0,65947.67,303528.33,122489.0,122833.33,328390.67,723776.33,666305.67,129946.33,158491.0,267482.67,315036.33,333330.0,5950846.67,13536800.0,320815000.0,399.08
2015-01-01,155142.0,95295.67,110988.33,66515.33,305790.33,122057.0,101844.0,331670.33,731591.33,672789.33,130777.0,160296.67,271432.67,320253.33,330820.33,5997116.0,13550300.0,320997000.0,400.18
2015-02-01,155142.0,95295.67,110988.33,66515.33,305790.33,122057.0,101844.0,331670.33,731591.33,672789.33,130777.0,160296.67,271432.67,320253.33,330820.33,5997116.0,13621100.0,321164000.0,400.55
2015-03-01,155142.0,95295.67,110988.33,66515.33,305790.33,122057.0,101844.0,331670.33,731591.33,672789.33,130777.0,160296.67,271432.67,320253.33,330820.33,5997116.0,13608000.0,321344000.0,401.74
2015-04-01,160606.67,97543.67,111200.0,67192.33,305643.33,122771.67,108065.67,336096.0,731738.0,680895.33,132693.0,162852.67,276237.33,325732.67,334585.67,6064569.0,13648400.0,321538000.0,403.35
2015-05-01,160606.67,97543.67,111200.0,67192.33,305643.33,122771.67,108065.67,336096.0,731738.0,680895.33,132693.0,162852.67,276237.33,325732.67,334585.67,6064569.0,13703700.0,321740000.0,404.15
2015-06-01,160606.67,97543.67,111200.0,67192.33,305643.33,122771.67,108065.67,336096.0,731738.0,680895.33,132693.0,162852.67,276237.33,325732.67,334585.67,6064569.0,13738600.0,321954000.0,402.97
2015-07-01,160540.0,99102.0,112361.0,67494.33,308164.67,123461.67,107123.0,341898.33,738154.0,693780.0,133296.67,163653.33,278710.0,326143.33,337426.0,6102320.0,13782300.0,322186000.0,401.46
2015-08-01,160540.0,99102.0,112361.0,67494.33,308164.67,123461.67,107123.0,341898.33,738154.0,693780.0,133296.67,163653.33,278710.0,326143.33,337426.0,6102320.0,13814300.0,322427000.0,399.11
2015-09-01,160540.0,99102.0,112361.0,67494.33,308164.67,123461.67,107123.0,341898.33,738154.0,693780.0,133296.67,163653.33,278710.0,326143.33,337426.0,6102320.0,13832200.0,322670000.0,397.82
2015-10-01,157506.0,100351.67,114093.33,67541.67,308342.33,123355.33,95545.67,345353.67,740715.33,695633.33,134795.0,168753.0,284111.33,327111.0,340222.33,6110693.0,13858900.0,322901000.0,398.49
2015-11-01,157506.0,100351.67,114093.33,67541.67,308342.33,123355.33,95545.67,345353.67,740715.33,695633.33,134795.0,168753.0,284111.33,327111.0,340222.33,6110693.0,13865200.0,323113000.0,400.27
2015-12-01,157506.0,100351.67,114093.33,67541.67,308342.33,123355.33,95545.67,345353.67,740715.33,695633.33,134795.0,168753.0,284111.33,327111.0,340222.33,6110693.0,13920300.0,323318000.0,402.06
2016-01-01,157874.67,101879.33,115499.67,67648.33,310337.67,124837.67,85456.67,347942.33,747435.67,707940.67,137669.33,170618.33,287417.67,326555.33,345807.67,6141768.67,13978700.0,323509000.0,402.73
2016-02-01,157874.67,101879.33,115499.67,67648.33,310337.67,124837.67,85456.67,347942.33,747435.67,707940.67,137669.33,170618.33,287417.67,326555.33,345807.67,6141768.67,13984900.0,323687000.0,404.25
2016-03-01,157874.67,101879.33,115499.67,67648.33,310337.67,124837.67,85456.67,347942.33,747435.67,707940.67,137669.33,170618.33,287417.67,326555.33,345807.67,6141768.67,14018400.0,323871000.0,405.06
2016-04-01,158480.0,102559.0,116579.67,67681.33,313627.0,125047.0,92905.67,351346.33,756731.0,720102.67,138668.0,170669.67,289260.0,328360.33,349904.0,6203872.33,14038500.0,324061000.0,407.6
2016-05-01,158480.0,102559.0,116579.67,67681.33,313627.0,125047.0,92905.67,351346.33,756731.0,720102.67,138668.0,170669.67,289260.0,328360.33,349904.0,6203872.33,14052100.0,324260000.0,407.9
2016-06-01,158480.0,102559.0,116579.67,67681.33,313627.0,125047.0,92905.67,351346.33,756731.0,720102.67,138668.0,170669.67,289260.0,328360.33,349904.0,6203872.33,14085500.0,324476000.0,406.99
2016-07-01,163498.67,103258.67,117237.0,67574.33,313921.33,125830.67,91778.33,353019.67,766351.67,719795.0,140886.0,173705.0,292119.67,334897.0,352927.0,6258486.33,14138900.0,324697000.0,404.59
2016-08-01,163498.67,103258.67,117237.0,67574.33,313921.33,125830.67,91778.33,353019.67,766351.67,719795.0,140886.0,173705.0,292119.67,334897.0,352927.0,6258486.33,14172300.0,324924000.0,402.45
2016-09-01,163498.67,103258.67,117237.0,67574.33,313921.33,125830.67,91778.33,353019.67,766351.67,719795.0,140886.0,173705.0,292119.67,334897.0,352927.0,6258486.33,14227700.0,325155000.0,401.23
2016-10-01,165904.67,103621.67,116570.33,67724.67,316294.33,125226.67,97455.0,353847.33,770577.33,731398.67,142346.0,176516.67,295482.0,338372.33,354130.67,6322680.33,14279400.0,325368000.0,401.79
2016-11-01,165904.67,103621.67,116570.33,67724.67,316294.33,125226.67,97455.0,353847.33,770577.33,731398.67,142346.0,176516.67,295482.0,338372.33,354130.67,6322680.33,14316300.0,325562000.0,403.72
2016-12-01,165904.67,103621.67,116570.33,67724.67,316294.33,125226.67,97455.0,353847.33,770577.33,731398.67,142346.0,176516.67,295482.0,338372.33,354130.67,6322680.33,14371300.0,325742000.0,404.64
2017-01-01,164062.67,105582.33,119102.0,67868.33,319644.67,126394.33,103217.0,359334.67,772162.0,738684.67,142854.67,179981.67,302814.33,344624.67,363268.33,6382731.33,14490200.0,325901000.0,406.36
2017-02-01,164062.67,105582.33,119102.0,67868.33,319644.67,126394.33,103217.0,359334.67,772162.0,738684.67,142854.67,179981.67,302814.33,344624.67,363268.33,6382731.33,14550700.0,326050000.0,406.66
2017-03-01,164062.67,105582.33,119102.0,67868.33,319644.67,126394.33,103217.0,359334.67,772162.0,738684.67,142854.67,179981.67,302814.33,344624.67,363268.33,6382731.33,14602800.0,326207000.0,407.54
2017-04-01,163149.33,106073.33,121659.0,68102.33,322344.0,126437.67,98853.67,364103.33,785201.0,738068.67,145089.33,180753.0,303062.0,351174.0,364724.67,6434835.33,14660300.0,326371000.0,409.22
2017-05-01,163149.33,106073.33,121659.0,68102.33,322344.0,126437.67,98853.67,364103.33,785201.0,738068.67,145089.33,180753.0,303062.0,351174.0,364724.67,6434835.33,14754300.0,326548000.0,409.89
2017-06-01,163149.33,106073.33,121659.0,68102.33,322344.0,126437.67,98853.67,364103.33,785201.0,738068.67,145089.33,180753.0,303062.0,351174.0,364724.67,6434835.33,14771100.0,326743000.0,409.08
2017-07-01,167292.0,107503.67,122395.67,69241.33,325348.0,126652.67,101501.33,367360.0,791021.67,749006.33,148826.0,180463.0,304899.0,357761.0,364351.33,6520632.0,14813000.0,326939000.0,407.33
2017-08-01,167292.0,107503.67,122395.67,69241.33,325348.0,126652.67,101501.33,367360.0,791021.67,749006.33,148826.0,180463.0,304899.0,357761.0,364351.33,6520632.0,14855900.0,327140000.0,405.32
2017-09-01,167292.0,107503.67,122395.67,69241.33,325348.0,126652.67,101501.33,367360.0,791021.67,749006.33,148826.0,180463.0,304899.0,357761.0,364351.33,6520632.0,14930800.0,327342000.0,403.57
2017-10-01,175029.67,111235.33,125991.33,70042.0,329865.0,127764.0,109600.0,373082.0,803111.67,757772.67,151850.33,180624.33,310087.33,366219.67,367956.0,6631583.33,14982900.0,327528000.0,403.82
2017-11-01,175029.67,111235.33,125991.33,70042.0,329865.0,127764.0,109600.0,373082.0,803111.67,757772.67,151850.33,180624.33,310087.33,366219.67,367956.0,6631583.33,15019500.0,327699000.0,405.31
2017-12-01,175029.67,111235.33,125991.33,70042.0,329865.0,127764.0,109600.0,373082.0,803111.67,757772.67,151850.33,180624.33,310087.33,366219.67,367956.0,6631583.33,15063200.0,327848000.0,407.0
2018-01-01,172819.33,113036.33,127690.67,70737.67,330954.0,128912.67,114961.67,375636.67,810898.67,766849.0,155590.33,185642.67,314709.33,376457.33,373255.0,6718495.33,15216800.0,327969000.0,408.15
2018-02-01,172819.33,113036.33,127690.67,70737.67,330954.0,128912.67,114961.67,375636.67,810898.67,766849.0,155590.33,185642.67,314709.33,376457.33,373255.0,6718495.33,15280500.0,328085000.0,408.52
2018-03-01,172819.33,113036.33,127690.67,70737.67,330954.0,128912.67,114961.67,375636.67,810898.67,766849.0,155590.33,185642.67,314709.33,376457.33,373255.0,6718495.33,15349200.0,328219000.0,409.59
2018-04-01,172492.0,115516.67,129490.0,72037.0,331676.0,130621.67,117054.33,379802.33,820196.0,775449.33,156043.33,185642.33,319475.0,381715.33,384388.67,6823399.0,15415700.0,328364000.0,410.45
2018-05-01,172492.0,115516.67,129490.0,72037.0,331676.0,130621.67,117054.33,379802.33,820196.0,775449.33,156043.33,185642.33,319475.0,381715.33,384388.67,6823399.0,15493400.0,328521000.0,411.44
2018-06-01,172492.0,115516.67,129490.0,72037.0,331676.0,130621.67,117054.33,379802.33,820196.0,775449.33,156043.33,185642.33,319475.0,381715.33,384388.67,6823399.0,15569900.0,328692000.0,410.99
2018-07-01,173951.0,116489.67,131237.33,71281.67,333166.33,130902.0,118504.0,382152.33,827186.0,787523.33,156441.67,188773.33,325128.0,384319.33,388715.0,6895759.33,15655000.0,328863000.0,408.9
2018-08-01,173951.0,116489.67,131237.33,71281.67,333166.33,130902.0,118504.0,382152.33,827186.0,787523.33,156441.67,188773.33,325128.0,384319.33,388715.0,6895759.33,15726900.0,329040000.0,407.16
2018-09-01,173951.0,116489.67,131237.33,71281.67,333166.33,130902.0,118504.0,382152.33,827186.0,787523.33,156441.67,188773.33,325128.0,384319.33,388715.0,6895759.33,15761800.0,329216000.0,405.71
2018-10-01,175237.67,116325.0,131366.0,71207.67,337159.67,131314.67,116627.67,386540.67,839382.0,787639.33,158275.67,190475.33,325986.67,384811.0,393478.33,6939756.33,15839500.0,329379000.0,406.19
2018-11-01,175237.67,116325.0,131366.0,71207.67,337159.67,131314.67,116627.67,386540.67,839382.0,787639.33,158275.67,190475.33,325986.67,384811.0,393478.33,6939756.33,15896700.0,329527000.0,408.21
2018-12-01,175237.67,116325.0,131366.0,71207.67,337159.67,131314.67,116627.67,386540.67,839382.0,787639.33,158275.67,190475.33,325986.67,384811.0,393478.33,6939756.33,16101200.0,329659000.0,409.27
2019-01-01,168630.67,116632.0,133561.33,71333.33,338923.67,131494.33,108272.33,392000.67,845633.0,804117.67,159665.0,193555.0,329533.33,379494.33,397476.33,7004361.67,16118500.0,329766000.0,411.03
2019-02-01,168630.67,116632.0,133561.33,71333.33,338923.67,131494.33,108272.33,392000.67,845633.0,804117.67,159665.0,193555.0,329533.33,379494.33,397476.33,7004361.67,16191700.0,329862000.0,411.96
2019-03-01,168630.67,116632.0,133561.33,71333.33,338923.67,131494.33,108272.33,392000.67,845633.0,804117.67,159665.0,193555.0,329533.33,379494.33,397476.33,7004361.67,16245300.0,329977000.0,412.18
2019-04-01,171023.0,118867.33,137116.67,72355.0,342459.33,132237.0,116138.67,396935.33,851460.67,817610.67,163894.67,193031.33,335445.0,379803.33,399303.0,7090816.0,16260100.0,330103000.0,413.54
2019-05-01,171023.0,118867.33,137116.67,72355.0,342459.33,132237.0,116138.67,396935.33,851460.67,817610.67,163894.67,193031.33,335445.0,379803.33,399303.0,7090816.0,16274400.0,330240000.0,414.86
2019-06-01,171023.0,118867.33,137116.67,72355.0,342459.33,132237.0,116138.67,396935.33,851460.67,817610.67,163894.67,193031.33,335445.0,379803.33,399303.0,7090816.0,16315400.0,330393000.0,414.16
2019-07-01,173173.33,121798.67,140904.33,73371.67,346522.33,133441.0,111400.0,402226.67,862375.33,824069.33,167383.67,193623.0,339216.67,381339.67,409252.67,7177279.67,16372400.0,330553000.0,411.97
2019-08-01,173173.33,121798.67,140904.33,73371.67,346522.33,133441.0,111400.0,402226.67,862375.33,824069.33,167383.67,193623.0,339216.67,381339.67,409252.67,7177279.67,16475500.0,330729000.0,410.18
2019-09-01,173173.33,121798.67,140904.33,73371.67,346522.33,133441.0,111400.0,402226.67,862375.33,824069.33,167383.67,193623.0,339216.67,381339.67,409252.67,7177279.67,16531000.0,330904000.0,408.76
2019-10-01,176508.0,123310.0,142746.67,72725.33,346517.0,133249.67,113649.67,405155.33,870857.0,837917.67,168991.0,196270.67,341973.0,382432.33,414638.33,7235510.67,16587200.0,331066000.0,408.75
2019-11-01,176508.0,123310.0,142746.67,72725.33,346517.0,133249.67,113649.67,405155.33,870857.0,837917.67,168991.0,196270.67,341973.0,382432.33,414638.33,7235510.67,16662300.0,331213000.0,410.48
2019-12-01,176508.0,123310.0,142746.67,72725.33,346517.0,133249.67,113649.67,405155.33,870857.0,837917.67,168991.0,196270.67,341973.0,382432.33,414638.33,7235510.67,16629200.0,331345000.0,411.98
2020-01-01,160046.33,125017.0,144680.67,68703.0,370998.0,121182.67,102758.33,417355.0,873596.67,809804.0,155335.67,181568.0,313474.0,388499.33,411339.67,7179344.0,16806300.0,331443000.0,413.61
2020-02-01,160046.33,125017.0,144680.67,68703.0,370998.0,121182.67,102758.33,417355.0,873596.67,809804.0,155335.67,181568.0,313474.0,388499.33,411339.67,7179344.0,16917200.0,331525000.0,414.34
2020-03-01,160046.33,125017.0,144680.67,68703.0,370998.0,121182.67,102758.33,417355.0,873596.67,809804.0,155335.67,181568.0,313474.0,388499.33,411339.67,7179344.0,16630300.0,331633000.0,414.74
2020-04-01,158048.33,126440.0,157141.67,53878.0,377090.33,95568.0,62741.33,417184.33,887923.0,682288.67,99397.33,113776.67,208173.67,379436.0,347669.0,6545577.0,19007600.0,331680000.0,416.45
2020-05-01,158048.33,126440.0,157141.67,53878.0,377090.33,95568.0,62741.33,417184.33,887923.0,682288.67,99397.33,113776.67,208173.67,379436.0,347669.0,6545577.0,18119200.0,331678000.0,417.31
2020-06-01,158048.33,126440.0,157141.67,53878.0,377090.33,95568.0,62741.33,417184.33,887923.0,682288.67,99397.33,113776.67,208173.67,379436.0,347669.0,6545577.0,18016800.0,331718000.0,416.6
2020-07-01,194637.0,149610.67,178712.33,75885.67,377545.0,129939.67,82445.67,443547.33,893986.0,799107.33,115820.0,144126.67,281301.0,391652.0,377963.67,7120809.33,18181300.0,331777000.0,414.62
2020-08-01,194637.0,149610.67,178712.33,75885.67,377545.0,129939.67,82445.67,443547.33,893986.0,799107.33,115820.0,144126.67,281301.0,391652.0,377963.67,7120809.33,17532200.0,331839000.0,412.78
2020-09-01,194637.0,149610.67,178712.33,75885.67,377545.0,129939.67,82445.67,443547.33,893986.0,799107.33,115820.0,144126.67,281301.0,391652.0,377963.67,7120809.33,17631600.0,331907000.0,411.52
2020-10-01,199173.0,148163.0,178822.33,76765.0,375898.67,131127.0,82407.33,443333.67,899999.33,827743.67,119773.33,146620.0,281752.0,401180.33,390511.0,7234902.0,17558300.0,331971000.0,411.51
2020-11-01,199173.0,148163.0,178822.33,76765.0,375898.67,131127.0,82407.33,443333.67,899999.33,827743.67,119773.33,146620.0,281752.0,401180.33,390511.0,7234902.0,17330100.0,331996000.0,413.12
2020-12-01,199173.0,148163.0,178822.33,76765.0,375898.67,131127.0,82407.33,443333.67,899999.33,827743.67,119773.33,146620.0,281752.0,401180.33,390511.0,7234902.0,17420300.0,331968000.0,414.26
2021-01-01,222292.33,162327.67,194312.0,84705.0,391721.0,144248.33,101851.0,453638.0,909052.33,832055.0,121749.33,155783.0,303480.0,412446.33,400032.0,7437950.0,19245500.0,331943000.0,415.52
2021-02-01,222292.33,162327.67,194312.0,84705.0,391721.0,144248.33,101851.0,453638.0,909052.33,832055.0,121749.33,155783.0,303480.0,412446.33,400032.0,7437950.0,17687500.0,331950000.0,416.75
2021-03-01,222292.33,162327.67,194312.0,84705.0,391721.0,144248.33,101851.0,453638.0,909052.33,832055.0,121749.33,155783.0,303480.0,412446.33,400032.0,7437950.0,21826600.0,331953000.0,417.64
2021-04-01,245589.0,166196.33,201522.33,91192.33,398072.0,156151.0,117997.33,466590.0,917589.33,857240.0,143157.67,171719.0,349567.33,421154.33,417921.67,7682311.33,18575500.0,331963000.0,419.05
2021-05-01,245589.0,166196.33,201522.33,91192.33,398072.0,156151.0,117997.33,466590.0,917589.33,857240.0,143157.67,171719.0,349567.33,421154.33,417921.67,7682311.33,18125800.0,332008000.0,419.13
2021-06-01,245589.0,166196.33,201522.33,91192.33,398072.0,156151.0,117997.33,466590.0,917589.33,857240.0,143157.67,171719.0,349567.33,421154.33,417921.67,7682311.33,18132200.0,332092000.0,418.94
2021-07-01,218756.67,164968.67,201490.33,93114.67,403910.67,157055.0,129187.33,470564.33,930793.67,871689.0,161493.33,183949.67,375100.33,429012.33,437171.67,7850140.0,18346300.0,332192000.0,416.96
2021-08-01,218756.67,164968.67,201490.33,93114.67,403910.67,157055.0,129187.33,470564.33,930793.67,871689.0,161493.33,183949.67,375100.33,429012.33,437171.67,7850140.0,18395900.0,332295000.0,414.47
2021-09-01,218756.67,164968.67,201490.33,93114.67,403910.67,157055.0,129187.33,470564.33,930793.67,871689.0,161493.33,183949.67,375100.33,429012.33,437171.67,7850140.0,18193900.0,332403000.0,413.3
2021-10-01,231653.67,166509.67,207863.67,94500.33,413007.33,157611.67,143548.0,476539.67,943142.67,883622.67,165667.33,193194.67,386395.33,437368.0,442490.33,8116373.67,18304200.0,332513000.0,413.93
2021-11-01,231653.67,166509.67,207863.67,94500.33,413007.33,157611.67,143548.0,476539.67,943142.67,883622.67,165667.33,193194.67,386395.33,437368.0,442490.33,8116373.67,18367800.0,332598000.0,415.01
2021-12-01,231653.67,166509.67,207863.67,94500.33,413007.33,157611.67,143548.0,476539.67,943142.67,883622.67,165667.33,193194.67,386395.33,437368.0,442490.33,8116373.67,18396200.0,332640000.0,416.71
